{
    "dataset": "data-sas/imagenet-5/raw",
    "total_time": 3774.671785624232,
    "batch_times": [
        293.19858940597624,
        285.2998599600978,
        282.81622689869255,
        282.72976135928184,
        282.90437087602913,
        282.9514894350432,
        282.5605985028669,
        282.7973122037947,
        282.7622500467114,
        282.4592403769493,
        282.7620403477922,
        282.918538457714,
        203.7165791746229,
        141.25351535109803
    ]
}
