{
    "dataset": "data-sas/imagenet-5/raw",
    "total_time": 13328.283653982915,
    "batch_times": [
        982.3552860459313,
        945.4937019092031,
        968.2394748670049,
        1136.253632795997,
        1238.075149627868,
        942.9313696478494,
        965.1797021599486,
        923.9589368025772,
        952.5374081162736,
        959.1316245049238,
        976.0913583291695,
        1067.7206345000304,
        780.4307716959156,
        467.3435926460661
    ]
}