{
    "dataset": "data-sas/imagenet-5/raw",
    "total_time": 3515.617401553318,
    "batch_times": [
        270.62079269299284,
        263.70394196221605,
        263.57703412603587,
        263.84813684318215,
        263.7573270071298,
        263.65386014198884,
        263.96585114393383,
        263.61659973021597,
        263.66653234511614,
        264.38525903597474,
        266.727634976618,
        263.6778617766686,
        187.989042642992,
        131.8251154529862
    ]
}