{
    "dataset": "data-sas/imagenet-5/raw",
    "total_time": 5654.331017439254,
    "batch_times": [
        385.99148446833715,
        392.36518897209316,
        420.43307751230896,
        443.7345325881615,
        413.68894934281707,
        438.32475257012993,
        435.8549627712928,
        423.977836235892,
        433.21817534789443,
        429.7375212148763,
        402.0319754658267,
        479.5753926569596,
        304.1492539900355,
        230.81711193500087
    ]
}