{
    "dataset": "data-sas/imagenet-5/raw",
    "total_time": 99.37032831599936,
    "batch_times": [
        9.064524265006185,
        5.104845543857664,
        5.013350746128708,
        6.538947246968746,
        5.029273193329573,
        5.017353243660182,
        4.989580967929214,
        5.574424896854907,
        4.999192961025983,
        4.994872791226953,
        4.980384263209999,
        4.969681653659791,
        6.134874130133539,
        4.445609115995467
    ]
}