{
    "dataset": "data-sas/imagenet-5/raw",
    "total_time": 245.98761620605364,
    "batch_times": [
        17.380189042072743,
        18.017879258841276,
        17.12309379130602,
        18.240248820278794,
        17.543568417895585,
        16.823018457740545,
        15.201281731948256,
        16.87164756283164,
        16.746459191665053,
        18.01579019613564,
        16.23205716488883,
        18.28387933690101,
        11.053624811116606,
        11.60507325688377
    ]
}