{
    "dataset": "data-sas/imagenet-5/raw",
    "total_time": 40.649503376334906,
    "batch_times": [
        1.5891346680000424,
        1.2548797950148582,
        1.0124172801151872,
        1.0414356631226838,
        1.6787989432923496,
        1.1380547131411731,
        0.39184571895748377,
        0.5293247387744486
    ]
}