{
    "dataset": "data-sas/imagenet-5/raw",
    "total_time": 99.65131332492456,
    "batch_times": [
        8.008128330111504,
        5.305753544904292,
        5.2692942237481475,
        5.245396262034774,
        5.212958318181336,
        5.215408832766116,
        5.148107666056603,
        5.135356558021158,
        5.130771034862846,
        5.11179310688749,
        5.0724287698976696,
        5.06637737294659,
        6.388839989900589,
        4.519807599950582
    ]
}
