{
    "dataset": "data-sas/imagenet-5/raw",
    "total_time": 297.48321431083605,
    "batch_times": [
        21.963120833039284,
        20.338392107747495,
        19.891756971366704,
        20.884193876292557,
        21.194717762991786,
        21.334483297076076,
        20.39913125988096,
        21.966323419939727,
        19.70208767382428,
        18.86669020820409,
        21.05572069203481,
        21.7278088578023,
        15.523713351693004,
        15.463554657064378
    ]
}