{
    "dataset": "data-sas/imagenet-5/raw",
    "total_time": 3539.8648378280923,
    "batch_times": [
        267.6758405719884,
        267.91171271400526,
        269.1415274357423,
        265.93792035384104,
        265.6757628801279,
        266.0602569160983,
        265.3713693791069,
        266.0940227289684,
        265.64273047819734,
        265.43947287183255,
        265.1035787113942,
        265.45215024985373,
        189.82611131016165,
        131.3093813471496
    ]
}
