{
    "dataset": "data-sas/imagenet-5/raw",
    "total_time": 7219.300388381816,
    "batch_times": [
        616.8840077719651,
        573.05209353799,
        570.9349258220755,
        532.4794205469079,
        517.0982772042044,
        574.2819055216387,
        519.8227061270736,
        498.5097093428485,
        552.2020033891313,
        526.2353483969346,
        540.7991196378134,
        537.707125196699,
        384.483230908867,
        255.92719240207225
    ]
}
