{
    "dataset": "data-sas/imagenet-5/raw",
    "total_time": 3564.1659571542405,
    "batch_times": [
        278.61900586029515,
        265.79588110698387,
        265.4816594552249,
        265.7590737561695,
        268.36360011668876,
        265.58562586968765,
        265.65524892602116,
        265.850777822081,
        266.03247756604105,
        265.8154124072753,
        268.54588837595657,
        265.63080913899466,
        194.71678745094687,
        135.09075606893748
    ]
}
