{
    "dataset": "data-sas/imagenet-5/raw",
    "total_time": 7542.971528923605,
    "batch_times": [
        670.9147104700096,
        557.0683331647888,
        585.0580334882252,
        538.2222557598725,
        559.7556824199855,
        589.5897181960754,
        549.4216105202213,
        554.195844152011,
        544.1105580292642,
        567.8146597133018,
        549.3229038370773,
        554.8072450230829,
        387.24593450920656,
        310.63018064480275
    ]
}