{
    "dataset": "data-sas/imagenet-5/raw",
    "total_time": 54.438585373107344,
    "batch_times": [
        4.152507955208421,
        2.964969513937831,
        2.015049451030791,
        2.034516528714448,
        2.0193994930014014,
        2.0188375036232173,
        2.0028827358037233,
        2.033092213794589,
        2.019688742235303,
        2.0068206479772925,
        2.0143051533959806,
        2.016896123997867,
        4.124597663991153,
        2.730548594146967
    ]
}