{
    "dataset": "data-sas/imagenet-5/raw",
    "total_time": 137.77830201387405,
    "batch_times": [
        9.868654537014663,
        9.51798796094954,
        8.129262218251824,
        8.005908599123359,
        8.125095847062767,
        8.959980663843453,
        8.672011309769005,
        11.017216410022229,
        8.688868939876556,
        8.286525132134557,
        8.869753155857325,
        8.886639771051705,
        7.108711204957217,
        4.933570681139827
    ]
}
