{
    "dataset": "data-sas/imagenet-5/raw",
    "total_time": 126.54934813221917,
    "batch_times": [
        10.890303404070437,
        6.9164396920241416,
        7.682560375891626,
        6.858527326956391,
        7.61523324623704,
        8.6623685057275,
        6.938990645110607,
        6.881001583766192,
        6.856293272227049,
        7.369217871222645,
        7.629596306942403,
        7.778612579219043,
        8.221113176085055,
        5.8034203220158815
    ]
}
