{
    "dataset": "data-sas/imagenet-5/raw",
    "total_time": 372.84016765700653,
    "batch_times": [
        26.078662463929504,
        26.407076144125313,
        24.888814744073898,
        26.83599379239604,
        26.596473085228354,
        24.791440872009844,
        26.32050553895533,
        28.740916164126247,
        27.633511339779943,
        27.529851712752134,
        25.872442098800093,
        27.536705394741148,
        18.176621116232127,
        14.834069918841124
    ]
}