{
    "dataset": "data-sas/imagenet-5/raw",
    "total_time": 3481.162919715978,
    "batch_times": [
        270.4197654291056,
        260.39057274209335,
        263.85113792680204,
        261.4777865097858,
        260.5311077227816,
        260.22892714710906,
        260.5654790219851,
        260.3957639429718,
        260.6350400336087,
        260.40395855810493,
        260.31091113900766,
        263.58226339286193,
        188.24538365472108,
        129.938604850322
    ]
}