{
    "dataset": "data-sas/imagenet-5/raw",
    "total_time": 6256.913126986008,
    "batch_times": [
        425.2155022909865,
        415.9745088252239,
        428.00220723310485,
        407.2354650432244,
        426.7646862240508,
        418.5360353561118,
        434.1663032649085,
        485.4599148919806,
        514.819271504879,
        517.274774172809,
        527.4331375439651,
        656.3885292271152,
        336.9750054869801,
        243.37391827302054
    ]
}