{
    "dataset": "data-sas/imagenet-5/raw",
    "total_time": 3521.79164499091,
    "batch_times": [
        273.270344409626,
        266.8153538890183,
        263.5746338982135,
        263.9279687697999,
        262.9102259767242,
        263.0473837060854,
        262.7979639978148,
        263.9262017882429,
        262.6941974759102,
        265.66083497414365,
        262.8470320170745,
        264.58262043679133,
        188.15851604985073,
        132.44806969398633
    ]
}