{
    "dataset": "data-sas/imagenet-5/raw",
    "total_time": 8228.935909787193,
    "batch_times": [
        676.2433709092438,
        637.7316835299134,
        718.2578151430935,
        629.4488063128665,
        675.0173058607616,
        713.5245216931216,
        633.2776975180022,
        629.5482699391432,
        521.0658631119877,
        654.2039456469938,
        592.9381812280044,
        521.4921808550134,
        369.44009046815336,
        237.7697506090626
    ]
}