{
    "dataset": "data-sas/imagenet-5/raw",
    "total_time": 94.52334863413125,
    "batch_times": [
        7.328613749705255,
        4.935068883933127,
        5.03978662006557,
        4.939574024174362,
        4.937471583019942,
        4.946060638409108,
        4.886787206865847,
        4.878839768003672,
        4.878647379111499,
        4.882481419015676,
        4.869100187905133,
        4.882536882068962,
        5.988566011190414,
        4.435917038004845
    ]
}