{
    "dataset": "data-sas/imagenet-5/raw",
    "total_time": 290.986532386858,
    "batch_times": [
        21.63581798085943,
        19.417834733147174,
        21.5169297629036,
        19.80169770726934,
        19.86921253800392,
        20.531531103886664,
        20.969282967969775,
        21.347159658093005,
        20.232755210250616,
        19.813812820240855,
        20.883875179104507,
        19.98011832870543,
        15.358952390030026,
        12.789561513345689
    ]
}