{
    "dataset": "data-sas/imagenet-5/raw",
    "total_time": 42.10322022717446,
    "batch_times": [
        2.408524766098708,
        1.5917237610556185,
        1.6078886431641877,
        1.1909387088380754,
        1.5619241259992123,
        1.552789602894336,
        0.5949596888385713,
        0.48212800826877356
    ]
}
