{
    "dataset": "data-sas/imagenet-5/raw",
    "total_time": 64.44839992932975,
    "batch_times": [
        4.6101271929219365,
        2.3937320760451257,
        2.359606080688536,
        3.2293742490001023,
        3.3555803592316806,
        2.8424360658973455,
        3.8496474330313504,
        3.1698186909779906,
        3.2343536620028317,
        2.329157411120832,
        2.7343840217217803,
        2.3316639540717006,
        4.242953184992075,
        2.981629245914519
    ]
}