{
    "dataset": "data-sas/imagenet-5/raw",
    "total_time": 147.43682543421164,
    "batch_times": [
        10.494006086606532,
        9.399346523918211,
        10.102183496113867,
        9.331431838683784,
        8.850593492854387,
        10.242454512044787,
        9.741503946948797,
        10.176830465905368,
        10.866682475898415,
        9.712755382992327,
        9.155191141180694,
        9.564281299710274,
        7.25456267176196,
        6.306486745830625
    ]
}
