{
    "dataset": "data-sas/imagenet-5/raw",
    "total_time": 3493.8601874993183,
    "batch_times": [
        271.55959825683385,
        261.1616374421865,
        261.3659990769811,
        261.3316536503844,
        261.3406001809053,
        262.63655154779553,
        261.0197885390371,
        261.0378764900379,
        265.3315386190079,
        262.5575172910467,
        264.83256104774773,
        261.20722266100347,
        185.35041293501854,
        130.7995512979105
    ]
}
