{
    "dataset": "data-sas/imagenet-5/raw",
    "total_time": 6440.699073034804,
    "batch_times": [
        405.6000978620723,
        446.4790082438849,
        437.30930682178587,
        452.43670439720154,
        481.88825195096433,
        473.9870336409658,
        492.99613985279575,
        521.6043118201196,
        498.2046326692216,
        506.84915997600183,
        491.24824778642505,
        495.25953555479646,
        421.1505971448496,
        294.613879783079
    ]
}
