{
    "dataset": "data-sas/imagenet-5/raw",
    "total_time": 3656.0442603370175,
    "batch_times": [
        282.3369113858789,
        273.76583513990045,
        274.3993398672901,
        273.50182686466724,
        275.33879189006984,
        274.03348427591845,
        274.49558959295973,
        273.52754107583314,
        275.47522228304297,
        273.89384951721877,
        273.86976513499394,
        274.81841880921274,
        197.63217057893053,
        136.49436948494986
    ]
}
