{
    "dataset": "data-sas/imagenet-5/raw",
    "total_time": 6177.375246888958,
    "batch_times": [
        415.28683573100716,
        436.55134027590975,
        452.90402114298195,
        477.39904239494354,
        505.71651307540014,
        457.97246500104666,
        415.9024826940149,
        493.25403800886124,
        540.4683709898964,
        458.09008350688964,
        496.81644062139094,
        458.9450222882442,
        323.07598271779716,
        225.7772936760448
    ]
}