{
    "dataset": "data-sas/imagenet-5/raw",
    "total_time": 37.88737145299092,
    "batch_times": [
        2.8147940249182284,
        1.0808796570636332,
        0.9404854816384614,
        0.9444164619781077,
        0.9455548548139632,
        0.9163586599752307,
        0.3621651786379516,
        0.4801729558967054
    ]
}