{
    "dataset": "data-sas/imagenet-5/raw",
    "total_time": 93.02243902534246,
    "batch_times": [
        7.163105092011392,
        5.027025510091335,
        4.956586710177362,
        4.7937153722159564,
        4.794452435337007,
        4.850281954742968,
        4.816726707387716,
        4.785393633879721,
        4.785477410070598,
        4.765389594715089,
        4.776725621428341,
        4.77836407488212,
        5.9237985499203205,
        4.359059185255319
    ]
}
