{
    "dataset": "data-sas/imagenet-5/raw",
    "total_time": 237.37193355010822,
    "batch_times": [
        15.422631036955863,
        18.149702177848667,
        16.498387055005878,
        16.39521230896935,
        16.553157357033342,
        16.621801229193807,
        17.169659173116088,
        16.49285740312189,
        18.802544753998518,
        15.325416901148856,
        15.749357431195676,
        15.579193225130439,
        12.022241907194257,
        9.791663939133286
    ]
}
