{
    "dataset": "data-sas/imagenet-5/raw",
    "total_time": 127.09372137207538,
    "batch_times": [
        12.104877118952572,
        7.286654802970588,
        8.113978585228324,
        7.048982264939696,
        7.047666607890278,
        7.1183250499889255,
        7.0201803939417005,
        6.980193639174104,
        6.957844195887446,
        6.968205709941685,
        6.929210502654314,
        7.005182841327041,
        8.72531356709078,
        6.03018307313323
    ]
}
