{
    "dataset": "data-sas/imagenet-5/raw",
    "total_time": 518.6942908810452,
    "batch_times": [
        39.42640719981864,
        37.042018211912364,
        37.075128516647965,
        40.196241058874875,
        39.92205413011834,
        37.94494414376095,
        37.47726145479828,
        35.92534900223836,
        34.787274996284395,
        36.195675421040505,
        37.41643176879734,
        37.61828679498285,
        27.605994707904756,
        21.04570380365476
    ]
}