{
    "dataset": "data-sas/imagenet-5/raw",
    "total_time": 3515.5313520133495,
    "batch_times": [
        275.0696058017202,
        261.4775175219402,
        261.8521035439335,
        262.10476227197796,
        261.8406053320505,
        262.5544804581441,
        265.0977446110919,
        261.48108435887843,
        264.7764305160381,
        261.850546807982,
        264.9122271989472,
        265.43270470388234,
        190.09043474309146,
        133.05437875911593
    ]
}
