{
    "dataset": "data-sas/imagenet-5/raw",
    "total_time": 8448.13984023314,
    "batch_times": [
        557.7432059980929,
        657.9321209648624,
        607.7394307469949,
        699.4879897991195,
        626.0542147536762,
        656.3481706026942,
        744.9297645608895,
        658.7699194708839,
        632.4871529480442,
        612.8583000148647,
        626.0537117440253,
        672.4621783220209,
        390.44559383019805,
        280.6857079663314
    ]
}