{
    "dataset": "data-sas/imagenet-5/raw",
    "total_time": 121.6007353789173,
    "batch_times": [
        12.55735457316041,
        7.12908216798678,
        6.485324234701693,
        6.486822030041367,
        8.090419515036047,
        6.42793926410377,
        6.519988818094134,
        6.418126216158271,
        6.816620124038309,
        6.413671609014273,
        6.460994523018599,
        6.382940070703626,
        7.736241363920271,
        5.718508510384709
    ]
}