{
    "dataset": "data-sas/imagenet-5/raw",
    "total_time": 250.9513595602475,
    "batch_times": [
        17.300611909944564,
        16.855046587996185,
        18.28153364127502,
        17.451375952921808,
        17.21000332478434,
        18.698599715251476,
        17.312029471155256,
        16.177757758181542,
        16.99655444966629,
        18.10836125491187,
        16.20256261015311,
        17.42680446896702,
        15.365028035826981,
        9.357593907043338
    ]
}